,Y,T,C
0,0.01743847700316037,0.2659709616203196,0.5319419232406392
1,-0.6965923818543315,0.20617761929196532,0.41235523858393064
2,0.8994587544680008,0.9389993940252879,-0.12200121194942418
3,1.0467619585755212,-0.4214294499867536,-0.8428588999735072
4,3.292046964627066,1.413524931325807,0.827049862651614
5,-0.6452001601067661,-0.4269489249521769,-0.8538978499043538
6,0.8929011376528306,0.5719690152319998,1.1439380304639997
7,-0.5447147193296389,-0.25162363374377256,-0.5032472674875451
8,-0.3095281163286182,-0.48636057307513336,-0.9727211461502667
9,2.4333143904047208,0.8936683543290055,-0.21266329134198897
10,-1.7925819923829476,-0.09862193077478716,-0.19724386154957432
11,-0.8672240691102885,-0.022220794909744365,-0.04444158981948873
12,0.728575063927278,0.1942377841982762,0.3884755683965524
13,-0.9719439384472529,-0.5673428247086578,-1.1346856494173156
14,2.7643903172349336,0.7415188335599159,-0.5169623328801682
15,-0.641123472640596,-0.13207620242916993,-0.26415240485833985
16,3.172919362508174,1.0464380211181805,0.09287604223636087
17,2.053560224957711,1.478519632940853,0.9570392658817062
18,-1.7046937134142774,0.07881951312103977,0.15763902624207954
19,-1.5234052998187466,0.07783207386433973,0.15566414772867945
20,1.2563521271385674,-0.640064951882265,-1.28012990376453
21,3.6227346771121187,1.922830226535582,1.8456604530711642
22,2.7568316228511742,0.6871527288815188,-0.6256945422369624
23,1.1455411646706728,0.5065205820263523,1.0130411640527046
24,2.5990338667015584,1.1133506912516407,0.2267013825032813
25,-2.846697111637891,-0.2582636768959499,-0.5165273537918998
26,-0.6525850148365371,-0.2551715094384634,-0.5103430188769268
27,3.901963296646599,1.0036850778873174,0.007370155774634846
28,1.6824001238200026,0.918416442320064,-0.163167115359872
29,-1.0658556472756988,0.2913877228782011,0.5827754457564022
30,0.9303229777254287,0.8759997346085967,-0.2480005307828065
31,3.1760836682062608,1.614193591959391,1.2283871839187819
32,0.8673799660858006,1.5011657138182923,1.0023314276365844
33,0.34771626324805577,0.5575894157110596,1.1151788314221192
34,0.17911680540094538,-0.062104399875626645,-0.12420879975125329
35,1.1814376300738036,-0.28612063717112324,-0.5722412743422465
36,1.8225746443877209,0.3096581159257241,-1.3806837681485518
37,-0.04751441975493617,0.020863090248550764,0.04172618049710153
38,-0.22075030549408117,-0.20690641848056926,-0.4138128369611385
39,1.2553243766818207,0.4046972167098537,-1.1906055665802926
40,-0.2438779429217055,0.013524055074825583,0.027048110149651167
41,3.1768063585953312,0.9819085244827388,-0.03618295103452246
42,1.9403402984891813,0.14830587267366602,0.29661174534733203
43,-1.9296536596856186,-0.38041131632845515,-0.7608226326569103
44,-1.2246241812190992,0.38152870710723474,0.7630574142144695
45,0.4344761775566063,0.013859197006257144,0.02771839401251429
46,3.230346455876705,0.8068328789633041,-0.3863342420733916
47,0.5367407891485698,1.3409741876083154,0.6819483752166309
48,-0.8373296241078053,0.1341816738325884,0.2683633476651768
49,1.6627583541028186,0.7346107982695921,1.4692215965391842
50,1.183716743152424,0.48457118266451826,0.9691423653290365
51,-0.17927562329822366,-0.12172146372646592,-0.24344292745293183
52,2.288965466461219,0.14660283450132242,0.29320566900264483
53,-1.5156668668454256,-0.390219031898371,-0.780438063796742
54,0.20336831563961955,0.2595547765334121,-1.4808904469331758
55,0.1332459446163201,-0.8268651411705863,-1.6537302823411726
56,-0.6757007075942202,0.3558504052724457,0.7117008105448914
57,-0.39137065117929926,0.6616679394054091,1.3233358788108183
58,2.586091988592398,1.6389892503064503,1.2779785006129007
59,0.6843648360357436,0.5005419127075412,-0.9989161745849174
60,0.3615675736674341,-0.014205259346463002,-0.028410518692926004
61,1.906761500990831,1.4883321457581606,0.9766642915163213
62,0.6178860337555594,0.4662324012182165,0.932464802436433
63,0.5244255262550128,0.28225912574571266,0.5645182514914253
64,-0.7640386443079321,-0.2519619157254274,-0.5039238314508548
65,0.5826627078826212,1.214305503298438,0.4286110065968761
66,1.8002750315844365,1.0217593370393765,0.04351867407875285
67,0.62529603338344,-0.3193135972467993,-0.6386271944935986
68,1.988184460855558,0.8341053123935425,-0.33178937521291507
69,-0.3297153216909532,1.1164415901137228,0.23288318022744559
70,1.8937459110613089,1.274758474428322,0.5495169488566439
71,0.22433019482299849,0.5970059802003493,1.1940119604006987
72,1.1368012222740385,0.2573170905235268,0.5146341810470536
73,2.325792116117251,1.9305097912608116,1.8610195825216231
74,1.9430359652534555,1.0927564444709146,0.18551288894182932
75,0.7227241754492688,0.3657237224724959,0.7314474449449918
76,-0.5788464857328981,-0.3970678819227411,-0.7941357638454822
77,1.0373445091754996,1.0334744770347732,0.06694895406954632
78,-1.4662179370202075,-1.0177946270934748,-2.0355892541869496
79,-1.3311847541825133,-0.39522165985860386,-0.7904433197172077
80,1.630185574770695,1.0723668918773879,0.14473378375477594
81,0.25453675515327,1.0069520461756658,0.013904092351331554
82,-1.2990667236439424,0.3472823973280216,0.6945647946560431
83,-3.505721959285983,-0.25754065618040356,-0.5150813123608071
84,1.8138577453143332,1.181487152912414,0.36297430582482804
85,2.3065306242611574,0.9784039207465491,-0.04319215850690174
86,2.536578765539248,1.2995970073690422,0.5991940147380845
87,-0.7699798046067043,-0.5362152353477831,-1.0724304706955663
88,0.5549209399274821,-0.2086269752753328,-0.4172539505506656
89,1.8864657148984607,1.9236290157182108,1.8472580314364213
90,2.226311022688205,0.8419179356816773,-0.31616412863664534
91,0.4988947681576318,0.04094825807514044,0.08189651615028087
92,-0.5012946792025392,0.4457871375841322,0.8915742751682644
93,3.0474148041423756,0.6765746730756841,-0.6468506538486317
94,1.1372474881001229,-0.5863444773439678,-1.1726889546879355
95,0.875712243940795,-0.021979035045710887,-0.043958070091421775
96,1.6333903915588601,0.5929288286792259,-0.8141423426415482
97,1.0549315081593746,0.38065946720348687,0.7613189344069737
98,-1.001816431852119,0.32162938761286336,0.6432587752257267
99,2.2726490386953726,1.1739417505475045,0.347883501095009
100,-0.043308766419054234,0.492345901315578,0.984691802631156
101,1.7485474966028287,0.4929747584609958,-1.0140504830780084
102,0.483904914014347,1.1250443297195207,0.25008865943904146
103,-1.0437206489026885,-0.13000474230789683,-0.26000948461579365
104,1.6863347521914642,1.2070283646349986,0.41405672926999726
105,-0.2117198503979501,-0.2082056921509369,-0.4164113843018738
106,0.4058095825408768,0.6625587281846388,1.3251174563692776
107,1.9753232953447923,1.5206187756216671,1.0412375512433343
108,2.14169077389265,0.559889649927638,-0.8802207001447241
109,-0.42808479625745216,0.44991641595235493,0.8998328319047099
110,2.3080019451743734,1.5856770015375754,1.171354003075151
111,2.3906396200603366,1.2378799283958974,0.47575985679179494
112,2.629884423714607,1.0005212898161049,0.0010425796322097195
113,2.3108011835362956,0.8834995295360466,-0.23300094092790682
114,3.0789185426150256,0.8626014935020252,-0.2747970129959495
115,1.7277638167767009,1.012978125109221,0.02595625021844178
116,-0.735098116361548,-0.008459259120152093,-0.016918518240304187
117,1.332011779449098,-0.49822988207713453,-0.9964597641542691
118,1.205220085514862,0.7934354585061991,-0.41312908298760176
119,1.3450843367698055,0.6316532070443047,1.2633064140886094
120,0.10317592485795313,0.42886220168840905,0.8577244033768181
121,-0.13235930872574397,0.4206473317636108,-1.1587053364727784
122,-1.5194362912986026,-0.43433110342364634,-0.8686622068472927
123,2.7554694929078956,1.2538807562003964,0.5077615124007928
124,-2.831910940531063,-0.3437284182845081,-0.6874568365690162
125,3.519402969649872,1.1304761896521733,0.2609523793043466
126,-0.09560490835044716,-0.5093591913997921,-1.0187183827995843
127,-0.21746795667714314,-0.3522101645963978,-0.7044203291927956
128,2.307591229872499,0.6018093247986881,-0.7963813504026238
129,-1.68599457977283,-0.041867852115458265,-0.08373570423091653
130,-0.1016515916319829,0.9098209520596061,-0.18035809588078786
131,1.2578070041826814,-0.4735113994378336,-0.9470227988756672
132,2.6220683402405918,1.4755095760979575,0.9510191521959153
133,3.8715950707321793,0.9675009561676324,-0.06499808766473511
134,-0.19277427409921188,-0.34557669367079724,-0.6911533873415945
135,-0.1957417789634992,-0.16203073649021255,-0.3240614729804251
136,0.15151633052970864,0.28133741589505346,0.5626748317901069
137,1.608755158167416,0.8854924923253401,-0.22901501534931973
138,2.2125716974364873,1.0344715059480387,0.06894301189607743
139,2.6056314645976024,1.2631599862033247,0.5263199724066492
140,2.784255441257468,1.4398283519868658,0.8796567039737313
141,2.2593159438624477,0.8808878512528128,-0.23822429749437446
142,2.157896632624278,1.119545402539936,0.23909080507987202
143,-0.5100649121721148,0.238906018431863,0.477812036863726
144,2.55178982692692,1.588598532541279,1.177197065082558
145,-0.17395066933949635,0.07030052760957592,0.14060105521915184
146,1.7614285751882082,0.26215444858078407,0.5243088971615681
147,2.5218738175911346,0.5373103128831452,-0.9253793742337095
148,0.08667289356121999,0.3488882687839071,-1.3022234624321858
149,0.8493873750055454,1.1520032719725313,0.30400654394506266
150,3.1965598735518075,0.8217741479610277,-0.3564517040779447
151,1.4908685348578814,1.2855169203373666,0.5710338406747334
152,0.1778742917272058,0.07674442982510887,-1.8465111403497823
153,1.0121644594517551,0.30247468932403393,0.6049493786480679
154,-0.6614129079935533,-0.2620298643819825,-0.524059728763965
155,3.5818573829461657,0.8579174050830845,-0.284165189833831
156,2.6235118505497144,1.124407753255127,0.2488155065102544
157,-0.03332830285402599,-0.30700942886843074,-0.6140188577368615
158,-0.011812443168340125,0.3132241240939647,0.6264482481879294
159,1.7042073026978954,1.018648857198889,0.03729771439777792
160,0.5846046089069301,0.16595856335146517,0.33191712670293033
161,2.425562855855396,0.5232278772182277,1.0464557544364554
162,2.4371891748462997,1.108102145427648,0.2162042908552962
163,-0.3124551835513946,0.4275573514516792,0.8551147029033584
164,2.094393224048788,0.8698012643646278,-0.26039747127074436
165,2.094885470131988,-0.07702624502446831,-0.15405249004893662
166,2.866826368799325,0.9897692677394242,-0.0204614645211516
167,0.39821257106354646,0.7185288262908964,-0.562942347418207
168,-1.0051093587096191,-0.6971934252115704,-1.3943868504231407
169,3.6933478860018933,1.291177874669365,0.5823557493387298
170,-0.694979671736264,0.15009639990026138,0.30019279980052277
171,2.7391340485798206,1.2191616032980548,0.43832320659610957
172,3.6400554085399843,1.612030666601038,1.224061333202076
173,1.560856019287922,1.0182138785997454,0.03642775719949068
174,3.09168616383158,1.5251137155877503,1.0502274311755007
175,1.701103471804009,0.6311729098116095,-0.7376541803767811
176,2.57267131844696,1.4589494337753186,0.9178988675506373
177,1.3552279023802667,0.4560551280658732,0.9121102561317465
178,0.32529857511230675,0.2791588912596973,0.5583177825193946
179,1.3986832202930501,1.2916653008548378,0.5833306017096757
180,0.6123694231645831,1.9916748328228548,1.98334966564571
181,3.1678308442200933,0.35099933562202135,-1.2980013287559573
182,1.3577416084618013,0.116600443972803,0.233200887945606
183,1.2883914241270866,1.125183083941834,0.250366167883668
184,2.6405500947745053,0.990408781782383,-0.019182436435233874
185,0.38972698281807777,-0.3142017620733471,-0.6284035241466942
186,0.5677387241008274,0.2981130227386789,0.5962260454773578
187,1.7490479423482042,1.0024937593328849,0.00498751866576963
188,0.46597542290323807,-0.018930478727645528,-0.037860957455291055
189,-0.8638387755460306,0.2629984638239539,0.5259969276479078
190,-1.5791578724049806,0.4084260686746943,0.8168521373493886
191,-1.8648895440208706,-0.2735624174520299,-0.5471248349040598
192,-1.088504952011382,-0.3687026061334533,-0.7374052122669066
193,0.010244311728032085,-0.5351961719874792,-1.0703923439749583
194,2.9383209013204277,0.8515668616686543,-0.2968662766626916
195,-1.5647220545431926,-0.1661151672757819,-0.3322303345515638
196,0.9563846483846488,0.4742776198175812,-1.0514447603648376
197,2.8197882883112144,1.3762457029698965,0.7524914059397931
198,0.8681996971441996,0.42761710785818363,-1.1447657842836327
199,-1.4258177686484321,-0.6313446787913999,-1.2626893575827998
200,0.9152904130301817,0.4090027482377975,-1.181994503524405
201,0.10363721778916407,-0.45531907008714395,-0.9106381401742879
202,2.914894761954181,1.0388555752618174,0.07771115052363467
203,-0.5470258140367769,0.16026888262031844,0.3205377652406369
204,-1.4518325846773457,-0.29846825787345393,-0.5969365157469079
205,0.7670032581700048,1.443137387042819,0.8862747740856382
206,1.7238941848965434,0.9804009463573501,-0.039198107285299724
207,3.1034961437125377,1.2830822567939817,0.5661645135879635
208,0.6255020819851576,1.0301114144881711,0.06022282897634237
209,2.7720445833989373,1.581895354217501,1.1637907084350019
210,-0.778612988331354,-0.5543834679676359,-1.1087669359352719
211,2.8446479685685104,1.298920687744252,0.5978413754885042
212,1.2208713358956493,1.5389338367568985,1.077867673513797
213,-0.25027008578392906,0.14564758924602297,0.29129517849204595
214,0.5884237533143808,0.01229678053852458,0.02459356107704916
215,-1.3899438725932032,-0.5436258094125863,-1.0872516188251726
216,-0.5243977705276863,-0.13849185031215414,-0.27698370062430827
217,-1.3412064066905534,-0.3907312699134251,-0.7814625398268502
218,-0.6996553835985475,-0.11438435703382444,-0.22876871406764887
219,0.3149659229824374,0.16071246304745818,0.32142492609491635
220,-0.013404397723015032,0.020610702068518467,0.041221404137036934
221,-0.4394569677844188,0.184526054639777,0.369052109279554
222,1.5993921559636863,0.24825167868823272,-1.5034966426235346
223,0.9805726814952431,0.5382927290764442,1.0765854581528884
224,0.48881167225570954,0.9508135400906828,1.9016270801813655
225,0.8620283203012249,-0.20459385933430424,-0.4091877186686085
226,-0.510134052064491,-0.37990352002561734,-0.7598070400512347
227,-0.1821151104347668,0.23927472157723617,0.47854944315447234
228,2.1300637571632537,1.61473112596268,1.22946225192536
229,2.0258852806741205,0.7409913401050847,1.4819826802101694
230,-0.12765536939450273,0.44308266799205165,0.8861653359841033
231,2.7551658950107742,1.5347498713061651,1.0694997426123305
232,-0.03246880350730355,-0.17952967204619186,-0.3590593440923837
233,1.5835351754437204,0.9527787090704076,-0.09444258185918468
234,1.1978358592814202,0.2779774677131272,0.5559549354262544
235,2.7438379239642865,1.0869873572785367,0.1739747145570732
236,-1.03296089307196,-0.6527884848112429,-1.3055769696224857
237,1.0721339476931646,0.003843934042357333,0.007687868084714666
238,1.9305513796940037,0.9142077631322322,-0.17158447373553568
239,0.23187875351830645,0.5324000060682272,-0.9351999878635455
240,0.02950573140623014,0.6489277472408342,1.2978554944816685
241,-2.5093681127333958,-0.5286409797183357,-1.0572819594366714
242,1.7810453470540712,0.874826766791702,-0.2503464664165959
243,0.3282207374141608,0.2861088749154227,0.5722177498308454
244,0.4572018165491376,0.819023107753301,1.638046215506602
245,0.3726852902493136,1.108040860064802,0.2160817201296037
246,-1.5437445151089886,-0.11618220840877083,-0.23236441681754166
247,-0.21182713291721458,-0.38541445866420604,-0.7708289173284121
248,1.3526466008916396,0.32628595676192806,0.6525719135238561
249,0.15328523480403988,-0.2891738383077619,-0.5783476766155238
250,0.3046420598113659,-0.30799411377964203,-2.615988227559284
251,0.38649370920509285,-0.1790943995911468,-0.3581887991822936
252,0.6694647876760109,0.0025474510339486764,0.005094902067897353
253,-1.074145466339961,-0.4912165558355297,-0.9824331116710594
254,-1.1577566866701894,-0.23402765640665207,-0.46805531281330415
255,1.4618519305628457,0.14217422634898438,0.28434845269796877
256,-2.257687261159952,-0.2609201007758217,-0.5218402015516433
257,-2.249299270139129,-0.06505544935693733,-0.13011089871387466
258,2.680874601765969,1.1174774697064693,0.23495493941293888
259,-1.2844063549100402,-0.6547714027922282,-1.3095428055844565
260,1.443248699890506,1.2633395111635461,0.5266790223270923
261,3.75485037578998,1.351818690202422,0.7036373804048439
262,-0.8163268289078442,0.35597586564117417,0.7119517312823483
263,3.1899296108074235,1.7530829384079045,1.506165876815809
264,0.10510747702968182,1.6720917397823019,1.3441834795646037
265,1.1695992064049956,0.8858815117390663,-0.22823697652186753
266,-0.24866832912337794,0.12374701816812722,0.24749403633625444
267,3.1028765270065852,1.187012157601977,0.37402431520395385
268,1.302098866627072,1.0186411494333534,0.03728229886670674
269,1.3321343700501795,-0.09992592756446547,-0.19985185512893094
270,0.812618509066857,-0.15531658936861162,-0.31063317873722324
271,1.1351456761858774,0.005283932735539072,0.010567865471078144
272,0.2778534445872751,0.37927992553617795,0.7585598510723559
273,3.5432929130209834,1.7359992482829794,1.4719984965659587
274,0.1218163783591561,-0.43120531456287187,-0.8624106291257437
275,1.061700826900793,0.3462093166907374,0.6924186333814748
276,2.143305526467295,0.7322180890041126,-0.5355638219917749
277,2.585467062400591,0.19926043940641447,0.39852087881282894
278,1.8264804429107129,-0.2238537623217584,-0.4477075246435168
279,2.01627898147051,1.2490166915259373,0.49803338305187445
280,-0.6832928836836841,0.07889985174513436,0.15779970349026873
281,-1.5947252565058017,-0.11391481940660292,-0.22782963881320584
282,1.3394872223628922,1.086046412224243,0.17209282444848595
283,-1.2365208042944684,-0.07360223629223095,-0.1472044725844619
284,-2.7738955712032802,-0.5821596852997805,-1.164319370599561
285,0.6328651055026431,-0.29958110539880106,-0.5991622107976021
286,2.8955479858716893,1.3351162492029256,0.6702324984058511
287,-1.377338589777374,0.26565172908470713,0.5313034581694143
288,3.593581143033231,1.2561440849733316,0.5122881699466632
289,0.88346074935887,0.5141900349561243,-0.9716199300877515
290,-0.2026744994181093,0.06208001170669766,0.12416002341339533
291,2.631208089557037,0.8717451193569603,-0.25650976128607944
292,2.5127814705482323,0.795165743664364,-0.4096685126712719
293,0.7909454446336759,-0.8458491568372966,-1.6916983136745931
294,1.625042189750641,0.14416089110285257,-1.7116782177942949
295,2.172178144619117,0.6203001696474049,1.2406003392948097
296,-0.19865761368137722,-0.026602780837624546,-0.05320556167524909
297,0.07153066024856847,0.7892487130088912,1.5784974260177824
298,2.1732262726315628,1.445099035361975,0.8901980707239503
299,2.4311377604252886,1.1994156604475719,0.3988313208951436
300,2.21431868381476,0.721530480459057,-0.556939039081886
301,3.0121546531762804,1.3415924614064778,0.6831849228129554
302,1.9149026333559072,0.9365004855548489,-0.12699902889030223
303,-1.0375332330871458,-0.4253740765030913,-0.8507481530061826
304,2.973580878347479,1.7362784747223343,1.4725569494446686
305,1.6021793812213154,1.4150567942867647,0.8301135885735295
306,2.7777210148613776,0.4044985706561397,-1.1910028586877206
307,-0.8628427955524086,-0.4999684188330267,-0.9999368376660533
308,-1.9859728442208289,-0.3995512428415477,-0.7991024856830954
309,-0.8136322773353051,0.5160643346699048,1.0321286693398095
310,-0.5209567123333552,-0.8012522819800683,-1.6025045639601365
311,-1.286620586806603,-0.033583394898780455,-0.06716678979756091
312,1.0965566779095475,0.7556100680235647,1.5112201360471293
313,0.6326153731003238,0.08879826574272762,0.17759653148545523
314,3.943902040857326,1.1567908489374137,0.3135816978748276
315,0.7959025483455975,-0.4441895933760514,-0.8883791867521028
316,0.3125111791879045,0.09597041384535032,0.19194082769070064
317,2.3886842810206863,0.9530668793778128,-0.09386624124437441
318,1.3606081293598047,0.8324588120343507,1.6649176240687014
319,0.006696023890409741,0.44739552069153865,0.8947910413830773
320,3.3452278490996727,1.528288872869998,1.0565777457399959
321,-0.4323048992347424,-0.09665417713057443,-0.19330835426114887
322,-0.7362103267966991,-0.46108317562545226,-0.9221663512509045
323,2.4342421479197434,0.6761469226756713,-0.6477061546486574
324,2.788556283546717,1.4853323305876625,0.9706646611753249
325,-2.2434452994850593,-0.01303374695427674,-0.02606749390855348
326,-0.887021178126665,0.13547488151804934,0.2709497630360987
327,1.5648985017299732,0.5754868927142351,-0.8490262145715296
328,0.140316742347117,-0.4162781951301462,-0.8325563902602924
329,1.1685774331058818,-0.2983918110630503,-0.5967836221261006
330,-1.3162233194296535,-0.3266996024371444,-0.6533992048742888
331,2.007511915083565,0.0005461049980354238,0.0010922099960708476
332,4.7310096983254635,1.5261758680523176,1.0523517361046353
333,1.2728065196482363,0.3199660386115188,0.6399320772230376
334,1.8773067249184718,0.5587638789060689,-0.8824722421878622
335,-0.43182237367729215,0.15738834273149563,0.31477668546299126
336,2.368545155131774,1.178089439333872,0.356178878667744
337,0.600485906242137,0.5200618800446782,-0.9598762399106435
338,1.5206906835295215,1.4927628091111091,0.9855256182222182
339,-1.5268744523666333,-0.4132604305294154,-0.8265208610588308
340,1.8375234427728357,0.938562921958709,-0.12287415608258179
341,-1.0454249173052799,-0.4737505061921548,-0.9475010123843096
342,-2.33364254110977,-0.3074293655888846,-0.6148587311777692
343,-0.7405518514808183,0.18244206718444314,0.3648841343688863
344,0.4638146618999021,0.03865819009795213,0.07731638019590426
345,1.3330997013443626,0.9342096688245245,-0.13158066235095103
346,1.326138095333437,1.0110937840488712,0.022187568097742166
347,0.9434516987428612,0.32035606189263555,-1.359287876214729
348,1.1624512310349864,-0.35504402668835944,-0.7100880533767189
349,2.399750132322383,1.3957400804734625,0.7914801609469252
350,1.6573163388411154,0.38584400360844373,0.7716880072168875
351,0.5977174101019549,0.22750691759629338,0.45501383519258676
352,3.029185376908228,1.3819462228774706,0.7638924457549413
353,1.7628436482268235,0.5809618056068742,-0.8380763887862517
354,-1.2255432772243953,-0.30922632487339724,-0.6184526497467945
355,1.5809417921183815,0.8148209333799372,-0.3703581332401257
356,2.6150916111483555,0.3155842480531925,0.631168496106385
357,-0.2599007881493465,-0.29252304021200265,-0.5850460804240053
358,2.08945742522189,1.3675956289703792,0.7351912579407583
359,-0.5732635380847699,0.6447654845797732,1.2895309691595465
360,1.4418726248310594,0.8480983464007017,-0.3038033071985966
361,-0.5062848150916749,-0.11328782080453056,-0.22657564160906113
362,1.5654677082037856,0.6188574095622958,-0.7622851808754084
363,1.4099651633324024,0.9160943325971793,-0.1678113348056413
364,-0.5063698713658302,0.15506920226924176,0.3101384045384835
365,-0.2368634784955873,0.05630944116238378,0.11261888232476756
366,0.06146962190331487,-0.1572771807399042,-0.3145543614798084
367,-0.6535360444318856,0.0020451863561095907,0.004090372712219181
368,3.966621514255487,1.6211197161535653,1.2422394323071306
369,0.9603488670025976,0.595391388594717,-0.8092172228105661
370,3.8402073037907503,1.094952950008557,0.18990590001711413
371,1.7800889142076302,0.7094088677001076,-0.5811822645997848
372,0.37116688624849004,0.7659353734852488,1.5318707469704975
373,0.29033349701900013,1.2371835204701322,0.4743670409402643
374,0.0796331293286352,-0.6706057595113737,-1.3412115190227474
375,-0.905159050275122,-0.21609377390697138,-0.43218754781394275
376,3.934531722686903,0.9873874324256031,-0.02522513514879382
377,0.558301187558996,-0.03813396157111687,-0.07626792314223374
378,2.309576896902891,1.5470617012041394,1.094123402408279
379,0.4254600889202451,1.1289296312204757,0.25785926244095125
380,0.5198977988393091,0.6987623556358912,1.3975247112717823
381,-2.04152006087489,0.13265183958314308,0.26530367916628617
382,-0.022750939354511557,0.7069310636166708,1.4138621272333416
383,1.0534871697676418,-0.07754353770187747,-0.15508707540375494
384,0.22412116133995696,0.6523400293436123,-0.6953199413127753
385,0.2190015921283356,0.13471646191105782,0.26943292382211564
386,-1.9166577338043207,-0.3298608577867741,-0.6597217155735482
387,2.2411312787510775,1.2577075821246104,0.5154151642492208
388,2.187749168985174,0.9177892008622557,-0.16442159827548866
389,-1.1610999763402814,-0.2573011971114145,-0.514602394222829
390,0.9417262703032107,0.5987708955269033,-0.8024582089461935
391,0.037028980490375965,-0.09254933245749074,-0.18509866491498148
392,1.2386156652376341,0.45716208823933435,-1.0856758235213313
393,-0.3396817526180503,-0.3581426289521682,-0.7162852579043364
394,2.0923611430531848,0.9448574533362959,-0.11028509332740827
395,0.07477854727640887,0.07837694656978741,0.15675389313957483
396,0.026643739320515447,1.0640922196226343,0.12818443924526857
397,-2.0356348071992194,-0.13411522448443589,-0.26823044896887177
398,0.4018713407316502,0.6024374633417554,1.2048749266835108
399,0.4347029905995816,0.8225210709529502,-0.3549578580940994
400,0.5351569504274224,0.10289308358781717,0.20578616717563433
401,-1.0310415175308016,-0.19399920143846014,-0.3879984028769203
402,0.4908045998228072,0.5203848939374436,-0.9592302121251128
403,-0.32472165958462934,-0.39822519804504575,-0.7964503960900915
404,-0.821184528295152,-0.6636804351226026,-1.327360870245205
405,2.0349819319560334,0.510769310039615,1.02153862007923
406,-1.2549393420129515,-0.13414378054433934,-0.2682875610886787
407,3.599989868784871,0.864835798725615,-0.2703284025487701
408,0.33452555858670774,0.3111293165462131,0.6222586330924262
409,2.8012317613253668,0.8229095336616723,-0.3541809326766554
410,0.4973553696508606,-0.29960963794968454,-0.5992192758993691
411,2.4758453697364113,0.9212862627319863,-0.15742747453602743
412,2.333651430661934,2.217142992743793,2.4342859854875862
413,-0.8833407099614654,0.15711940868850438,0.31423881737700876
414,-0.7048220892233907,-0.07906730809161466,-0.15813461618322933
415,2.9698061171592567,0.6782833079754366,-0.6434333840491269
416,3.1169669531201385,1.1930011412335808,0.3860022824671616
417,3.4526596768917983,1.0392596777626977,0.07851935552539518
418,0.8334322571993933,0.4453681250924935,0.890736250184987
419,-2.710407848724562,-0.21901134910912515,-0.4380226982182503
420,3.0117779691999886,1.3845690132220008,0.7691380264440015
421,0.8790377616197813,1.0806332498347606,0.16126649966952133
422,-1.1946234908714897,-0.3042952857958943,-0.6085905715917886
423,0.5564733075773531,0.005454687642955716,0.010909375285911432
424,1.280341844193174,0.6986921622398476,1.3973843244796953
425,0.484279504404165,0.5399321594423371,1.0798643188846742
426,4.122731564153652,1.3302068670896068,0.6604137341792133
427,3.2410737444402886,1.2541061492668488,0.5082122985336979
428,2.7147672426044736,0.837361941765376,-0.325276116469248
429,-0.3385470106306919,-0.4215125052776269,-0.8430250105552538
430,2.8456415799004624,1.0989782267379884,0.19795645347597682
431,2.566064749001886,1.7776195303797389,1.555239060759478
432,0.008817324153817141,0.15101051674101254,0.3020210334820251
433,0.7021656834406746,0.41459088067736105,-1.170818238645278
434,-0.8934489284782321,0.08766471195472691,0.17532942390945383
435,-0.2858895694607373,-0.13632146221164282,-0.27264292442328564
436,1.1519120498200075,0.5631099746489556,-0.8737800507020886
437,-0.5848900215796058,-0.20746636458646545,-0.4149327291729309
438,-0.028208457285614164,-0.6839435749027749,-1.3678871498055498
439,0.1067356595962522,-0.019190975233811358,-0.038381950467622716
440,-0.10255721382485924,0.1482768077255577,0.2965536154511154
441,4.211488706900579,1.6880604657985496,1.3761209315970993
442,0.23366377439345304,0.13461771187663463,0.26923542375326925
443,-2.3372306762697246,-0.394875930019162,-0.789751860038324
444,0.16068856496280906,0.31108502910474184,0.6221700582094837
445,0.2984259725279581,1.7737707655800388,1.5475415311600778
446,1.2261367911189909,0.5309690275524316,-0.9380619448951368
447,-0.8718152657840581,-0.014203872488982104,-0.02840774497796421
448,2.576145545780972,0.8041542471396398,-0.39169150572072037
449,-0.23568307003077793,0.17006639363622988,0.34013278727245977
450,0.9447899360077531,0.44171386278802693,0.8834277255760539
451,1.3395687205193787,0.07578113724872737,0.15156227449745474
452,0.5011910982810268,-0.15011639077726333,-0.30023278155452665
453,2.0019694643504615,0.6304442551532192,-0.7391114896935616
454,1.3912785892335657,0.9525734891776322,-0.09485302164473558
455,2.4137779738224485,0.949798367892823,-0.10040326421435403
456,4.76381817632953,1.730130700896833,1.460261401793666
457,2.434238146324986,1.557017409706989,1.1140348194139782
458,-1.348531814520238,-0.2408452228849946,-0.4816904457699892
459,1.6180739324661861,0.8544638903408069,-0.29107221931838606
460,1.8397966874763203,0.3102580873635427,0.6205161747270854
461,2.9188679107018993,0.6642342946601154,-0.6715314106797692
462,0.21025974320277818,-0.04473602309580815,-0.0894720461916163
463,0.2539293790528595,-0.15309852530998216,-0.30619705061996433
464,1.772732395072591,0.8537084856902732,-0.2925830286194536
465,2.6396570608101624,0.7992028590925682,-0.4015942818148637
466,0.40542503079134884,0.16234687293785877,-1.6753062541242825
467,1.4939309681156479,0.1298280719761873,-1.7403438560476254
468,-0.1936883815861319,-0.18322070996598744,-0.3664414199319749
469,0.6854936574228667,0.6516295570284674,-0.6967408859430652
470,2.3268167345692388,1.5172832636575773,1.0345665273151545
471,2.6741677680285227,0.6915364528197216,-0.6169270943605568
472,-0.04921798954880974,-0.3823713658240297,-0.7647427316480594
473,-1.1807678872173577,-0.8204086298605248,-1.6408172597210495
474,2.2931537004301,1.687592465518994,1.3751849310379882
475,0.25370746946749434,-0.020028456785825655,-0.04005691357165131
476,1.4297549939366125,1.0986935709653438,0.1973871419306876
477,0.039911637179481874,0.5373026782920333,1.0746053565840665
478,-0.5553995111457125,-0.2957379674584506,-0.5914759349169012
479,0.8558442647207468,0.306660357783871,0.613320715567742
480,1.57517012163082,1.2863911628095213,0.5727823256190424
481,3.7657712707131195,0.5815817401050739,-0.8368365197898522
482,3.1048584166792277,2.282765100888136,2.565530201776272
483,2.153511785096711,1.0530533844107965,0.10610676882159306
484,1.222051373799738,-0.6584252651627853,-1.3168505303255706
485,0.3003333586490454,-0.19025487471902727,-0.38050974943805455
486,-0.39966328363566594,-0.3221753553544358,-0.6443507107088716
487,-0.16521235819576824,-0.5994566529937093,-1.1989133059874186
488,3.0065081476945954,1.4550853374934605,0.910170674986921
489,1.120570385762207,0.8602114995370149,-0.2795770009259702
490,2.377431001308247,0.5114542068031652,-0.9770915863936696
491,2.1873144851008393,0.9642167545890049,-0.07156649082199018
492,1.092474615077366,0.0814380753913751,0.1628761507827502
493,2.2009093652605745,1.0522263548183262,0.10445270963665226
494,0.03347547492314261,0.10471458184140255,0.2094291636828051
495,2.545767386981355,-0.1020454667850825,-0.204090933570165
496,1.2589899360099954,0.13051134493864935,-1.7389773101227013
497,0.5587373140511678,0.29721098811997526,0.5944219762399505
498,0.3860794693316519,0.5378935464954582,1.0757870929909163
499,-0.5884145618159047,0.8186470678640113,-0.3627058642719774
500,-2.09854131137094,-0.020681608842207308,-0.041363217684414616
501,0.5968981134975968,-0.09329517370153365,-0.1865903474030673
502,1.8609689881206088,0.7914177654177332,-0.4171644691645334
503,0.7493145577251121,1.3949318303354086,0.7898636606708169
504,2.8723817658550637,1.232567453129236,0.4651349062584722
505,-2.1824644138946767,-0.17282135830647202,-0.34564271661294405
506,0.4236122336311357,0.5514134891267098,1.1028269782534197
507,1.9244081504973811,1.1712415710281459,0.3424831420562917
508,1.1253269708095701,0.07890979531970058,0.15781959063940115
509,0.13755030156116071,-0.020921228969493763,-0.041842457938987526
510,2.6331022698125324,1.7770307383269661,1.5540614766539322
511,2.9594175589752476,1.0757152150569804,0.15143043011396068
512,-0.09562910260395341,0.19008697734689695,0.3801739546937939
513,2.2820740539555313,0.9122940382031817,-0.17541192359363658
514,0.2049852628102166,-0.20306436325221125,-0.4061287265044225
515,1.3191076499658951,0.34646206273520375,0.6929241254704075
516,0.6105943588924666,0.5897719450064693,-0.8204561099870613
517,0.17023838231523558,-0.11062331805108618,-0.22124663610217235
518,2.2904229159801828,0.7589671087038641,-0.4820657825922719
519,3.4694095648429513,1.2657859165688923,0.5315718331377844
520,1.8894607009593907,0.5843544119448006,-0.8312911761103987
521,1.7972664400444955,0.947949107181543,-0.10410178563691391
522,0.7514046610383087,-0.13701398117015948,-0.27402796234031895
523,1.4861734264812108,0.9076466385093169,-0.1847067229813662
524,0.5732868686516776,0.5447546277898307,-0.9104907444203385
525,2.6846638478331037,0.7160666146977732,-0.5678667706044536
526,1.9175982735204344,0.9035085965983487,-0.19298280680330263
527,0.7334707795067028,1.011647626531582,0.02329525306316401
528,-0.7533580474322507,-0.2265120161981199,-0.4530240323962398
529,1.0087354530922976,-0.0545385269591481,-0.1090770539182962
530,1.711051759192729,1.302211174475623,0.6044223489512461
531,2.253845272449201,1.4312884896066431,0.8625769792132865
532,0.7941349918208855,1.0243137070376203,0.048627414075240405
533,-2.672242477245619,0.1429137134758814,0.2858274269517628
534,-1.7020494912595365,-0.08882061666732047,-0.17764123333464094
535,0.13898888212255983,-0.3705400615169157,-0.7410801230338314
536,1.2067721967466545,1.2034947074705757,0.4069894149411514
537,3.060319309284453,0.4288369549047999,-1.1423260901904002
538,1.9437074689312284,1.3359180615243151,0.6718361230486302
539,-0.8777668447809107,0.18879599783865716,0.37759199567731433
540,-0.858771643964148,0.8190543008854327,-0.3618913982291344
541,3.7299713883260615,0.9101242445811761,-0.1797515108376478
542,2.17894956600746,0.6420349861694856,-0.7159300276610289
543,1.6316816467643318,-0.5204365167343646,-1.0408730334687293
544,1.2454590376317487,1.7695604527533737,1.5391209055067472
545,1.6505856469650122,1.07652560241163,0.15305120482326023
546,4.0228849776888795,2.046563490571613,2.093126981143226
547,0.119116519884928,0.155324453001482,0.310648906002964
548,-1.2045025305203145,-0.7112913307703745,-1.422582661540749
549,-0.02635545683512086,-0.6900880587095606,-1.3801761174191212
550,-1.1621979206491138,-0.40981822678781565,-0.8196364535756313
551,0.17154742739314088,0.3166572079706954,0.6333144159413908
552,2.729573484027413,0.8402761868949109,-0.3194476262101782
553,2.569529370552604,1.0608994319477236,0.12179886389544742
554,-0.04340831347546681,1.069511144497876,0.13902228899575186
555,3.919545125531867,1.6014104327494825,1.202820865498965
556,-1.0707982073973654,-0.25899696651895593,-0.5179939330379119
557,0.9100738262163082,0.18758885040311016,0.3751777008062203
558,0.7859945657578964,1.3137849934430677,0.6275699868861353
559,1.2760068053681144,0.4273521605541096,0.8547043211082191
560,0.15295572130301854,-0.0726237939518804,-0.1452475879037608
561,-1.4989805064481638,0.02097410666942083,0.04194821333884166
562,1.982855337805684,0.8430974833101541,-0.3138050333796919
563,2.4419688834594138,1.0447386010923778,0.08947720218475541
564,-2.0144500130134273,0.09409199425361535,0.1881839885072307
565,-0.37622307869997723,-0.6453500231255138,-1.2907000462510276
566,2.5084039103012477,0.49148521535734413,-1.0170295692853117
567,0.4361333432210811,0.8140975760104019,1.6281951520208038
568,1.9198828807917896,1.378433630302753,0.756867260605506
569,0.4859882596620855,1.5246316981159773,1.0492633962319549
570,-1.1555970321882356,-0.15458117708893554,-0.3091623541778711
571,1.3336959495210001,0.2457414409288764,0.4914828818577528
572,1.2574780205216778,1.5113452137240966,1.022690427448193
573,2.594150353743588,0.6086516221471772,-0.7826967557056457
574,-0.5475049148986665,0.14167229531028938,0.28334459062057876
575,1.5586712944936525,1.539824285942121,1.079648571884242
576,-1.9495893476341497,-0.04079276126845405,-0.0815855225369081
577,2.478734889937447,1.1858089872064346,0.37161797441286915
578,-0.4329111296300838,0.5691249866246769,-0.8617500267506462
579,-1.4298718355607138,0.4804891271137691,-1.0390217457724618
580,1.5404442644189105,0.916370027084587,-0.16725994583082598
581,-0.5259878032749575,0.5419384600009546,1.0838769200019092
582,1.7671249641982325,0.9756183044841107,-0.04876339103177854
583,-1.226450546705214,0.27243695136056845,0.5448739027211369
584,0.7277840108836043,0.6963576706716501,-0.6072846586566998
585,0.23860849276209378,-0.21796181157158406,-0.4359236231431681
586,1.857587385320327,0.7653578742729432,-0.4692842514541137
587,2.340125285709907,1.3133557002189247,0.6267114004378492
588,1.8164553463348412,1.1987951251129603,0.3975902502259204
589,1.3683623410649195,0.6042733698030285,-0.791453260393943
590,-2.7772337165018914,-0.06016251183053988,-0.12032502366107976
591,3.3688227849955816,1.088282448046299,0.1765648960925979
592,-1.2911877914913823,0.005305711808840957,0.010611423617681914
593,-2.198484934827279,0.2964073062729951,0.5928146125459902
594,0.8052579726967942,0.009763860525288166,0.019527721050576333
595,1.4470198352023438,1.102439312024596,0.20487862404919238
596,1.7221481553069802,1.3698742306253786,0.7397484612507571
597,0.015587337928076924,0.03871506054418759,0.07743012108837519
598,-1.5736287551091477,-0.5290059211925078,-1.0580118423850156
599,0.35200385280207336,0.2398040372857274,0.4796080745714548
600,2.1185656761577905,0.34699138427736975,-1.3060172314452605
601,1.9131604011896743,1.9842575922883272,1.9685151845766546
602,-1.4189502695431215,-0.40587003542610794,-0.8117400708522159
603,-0.711690794404662,0.6367678286032401,1.2735356572064802
604,1.161360013095214,0.7777171998264516,-0.4445656003470968
605,-0.6938284866201212,-0.8653554174949442,-1.7307108349898883
606,1.7554587479571266,0.4020648082357435,0.804129616471487
607,-1.0060982600878765,-0.10914665707812739,-0.21829331415625478
608,-1.5329675130426765,-0.32726931014505634,-0.6545386202901127
609,0.4343004804526247,0.33134891521948057,0.6626978304389611
610,3.7815800386305956,1.3829216989326087,0.7658433978652174
611,0.7171146477690898,0.08945124955809403,0.17890249911618805
612,1.0279428186765702,0.4007280370439239,-1.1985439259121522
613,1.2080288568765356,0.8461644529417441,-0.3076710941165117
614,-0.10750666600082684,-0.06380637048520901,-0.12761274097041803
615,1.304795968243203,2.0004378211327563,2.000875642265512
616,1.6197163862054929,1.5262490144528145,1.0524980289056292
617,2.246404512491836,1.2108758309031646,0.4217516618063292
618,2.1566603212610587,1.4164255362502258,0.8328510725004519
619,1.9583106502225103,1.3459302494567233,0.6918604989134465
620,-0.7455944452594818,-0.15234591149787105,-0.3046918229957421
621,0.26246976935159827,0.5974357785812587,-0.8051284428374826
622,2.6617954333214193,1.4988140480679828,0.9976280961359656
623,0.9844422760195325,0.07276013568358917,0.14552027136717835
624,-0.7296763189960837,0.11919222295790802,0.23838444591581603
625,3.2138995649216344,0.6480782225794898,-0.7038435548410205
626,1.658163341866453,0.5615557531924129,-0.8768884936151742
627,1.3468712404690297,0.7253706785353107,-0.5492586429293785
628,0.802629744869169,1.2419347850883313,0.48386957017666266
629,-0.08066355696904524,-0.08661835803896714,-0.17323671607793428
630,-1.815443862151683,-0.3336536953073542,-0.6673073906147085
631,1.580512017225928,0.4290889126880644,-1.1418221746238713
632,0.08937855479929252,-0.4438700545915179,-0.8877401091830358
633,1.396293216976226,0.26595964751156154,0.5319192950231231
634,2.376692859976387,0.5653213711841047,-0.8693572576317906
635,3.9569656663348622,0.8783720030836627,-0.24325599383267468
636,-0.11366552996283397,0.6054972559645114,1.2109945119290229
637,2.1093510395158175,0.8882877626326224,-0.22342447473475513
638,1.2842798025379563,-0.48643570940802766,-0.9728714188160553
639,1.5731499027860811,1.4550326579394688,0.9100653158789377
640,1.4947161099549269,0.6762480145940342,1.3524960291880683
641,2.2510369440590727,0.3138980691197637,-1.3722038617604726
642,-0.44341117008727093,-0.31766054569564456,-0.6353210913912891
643,0.034905456533205204,0.1804089862703976,-1.6391820274592048
644,-1.9607069400612134,-0.5095167100786603,-1.0190334201573206
645,2.315994718652896,0.9449209895524926,-0.11015802089501492
646,2.4606610431803446,0.9523216309026771,-0.09535673819464577
647,-0.7015404721683375,0.0456590485571989,0.0913180971143978
648,-0.6585825448366651,0.26104937591110666,0.5220987518222133
649,1.9753630905602857,1.3894683334631166,0.7789366669262334
650,0.7911361168731226,0.11930005511281566,0.23860011022563132
651,3.912268791513399,0.8516055791661523,-0.29678884166769537
652,1.3898478663575706,1.0455291151529695,0.09105823030593913
653,1.9654258684460695,1.0327916089575988,0.06558321791519742
654,-0.16220816040407704,0.1882945772133109,0.3765891544266218
655,3.3327314915878574,1.5427174716356808,1.0854349432713617
656,1.6565148480355298,1.066675691190898,0.133351382381796
657,2.400985429901706,1.2406833731536342,0.4813667463072685
658,2.5685911989040533,0.9760572006955164,-0.047885598608967156
659,1.1974774830622623,0.8483571415337898,-0.30328571693242035
660,0.1825179888834478,0.049708950155093794,0.09941790031018759
661,3.2594718754986056,1.1487954796610955,0.29759095932219104
662,0.30627725990405785,0.07911283148596601,0.15822566297193202
663,-0.7652478835765107,-0.31658486672726766,-0.6331697334545353
664,-0.5648372801614491,-0.7606670069842056,-1.5213340139684113
665,0.0011329417988320302,-0.02103381977708016,-0.04206763955416032
666,1.194981628006109,0.6251092988447513,1.2502185976895026
667,-0.3475461436639894,-0.09905047241455439,-0.19810094482910878
668,-0.9155812239682143,-0.03379634948381512,-0.06759269896763025
669,-1.2044436563512266,-0.17317794658404118,-0.34635589316808235
670,1.7440761941516763,0.7747300370455079,-0.4505399259089841
671,3.6238815879391106,1.3203463844490586,0.6406927688981174
672,2.8143800246582775,1.1766165527412955,0.3532331054825912
673,1.3294840426677959,0.8295525852559065,-0.3408948294881871
674,-0.7669032279569209,0.40543895796467366,0.8108779159293473
675,1.7388782187349243,0.6743912469100772,-0.6512175061798455
676,2.5398966009443518,1.389874863236362,0.779749726472724
677,0.37560569803759275,-0.23580086614833534,-0.4716017322966707
678,0.790864497294886,-0.579304352806735,-1.15860870561347
679,-0.27702735114076726,0.5380422721503629,-0.9239154556992741
680,0.1716753826947014,0.5405084530367086,1.0810169060734172
681,-1.3763134092961433,-0.3421523801027026,-0.6843047602054052
682,0.17765904333104884,0.3589916984969333,0.7179833969938666
683,1.014951574635855,-0.24444734573214744,-0.4888946914642949
684,1.4572423710964904,0.12536272116067465,0.2507254423213493
685,3.2317012654500266,0.9777799630333663,-0.04444007393326743
686,2.993100179147725,1.1881524790683815,0.37630495813676307
687,1.0989989430679241,0.9019928341820096,-0.19601433163598084
688,2.125755463342379,0.7062355248354049,-0.5875289503291904
689,1.123265101231942,0.6521833189889247,-0.6956333620221506
690,3.035483303587669,1.8176398384399777,1.6352796768799556
691,0.04336185387999958,0.2009911209500468,-1.5980177580999064
692,-2.121170176898693,-0.12793550471504636,-0.2558710094300927
693,2.512887416912794,1.5745771766091288,1.1491543532182573
694,1.8443006894368188,0.4814040616204328,-1.0371918767591344
695,1.1924581405121768,0.24184442802309375,0.4836888560461875
696,0.5294164655499185,1.0224699828785053,0.04493996575701084
697,1.7672763648069987,0.6582334515578887,-0.6835330968842226
698,2.16268504548752,0.9475056552830484,-0.10498868943390308
699,0.2849243638453879,0.09413446439197193,-1.8117310712160561
700,0.9799448180715684,1.8012009823173458,1.6024019646346919
701,1.5883693238383167,0.8734646458053773,-0.25307070838924534
702,1.6062046740261162,0.9697182057728232,-0.060563588454353695
703,-2.1704204787113874,-0.3284827130734035,-0.656965426146807
704,1.5246700816341912,0.8485936759189526,-0.30281264816209474
705,-0.5481172725880016,0.09094414580031755,0.1818882916006351
706,0.20136003674279246,-0.3636134019102789,-0.7272268038205578
707,1.0029688025253087,0.8495395949028955,-0.30092081019420897
708,2.7693260626788287,1.5430267381377347,1.0860534762754694
709,0.8109921054503739,0.8397398336474616,-0.32052033270507674
710,-1.525265350206139,-0.08527506342804932,-0.17055012685609863
711,2.2124867444290297,0.7553120492116988,1.5106240984233976
712,-1.3571414866136875,-0.18135633352659272,-0.36271266705318544
713,-0.6220600698620662,-0.2911556944616926,-0.5823113889233852
714,-0.9927139336819489,-0.2306831481584393,-0.4613662963168786
715,-0.43970840135661704,0.21163580430420914,0.4232716086084183
716,1.0149655526605659,0.9222751015687329,-0.15544979686253413
717,1.4075229365105992,0.18985693208756937,0.37971386417513875
718,-0.5526444439453608,0.13132781689333056,0.2626556337866611
719,0.7676453197823212,-0.053732069360052766,-0.10746413872010553
720,-0.3670772645276581,-0.05891897823877705,-0.1178379564775541
721,0.8804865238708837,0.4661151619506306,0.9322303239012611
722,-0.27891019245090176,-0.5060303204850423,-1.0120606409700845
723,-0.2108149754845195,-0.35649433120120255,-0.7129886624024051
724,1.0154439598417135,0.7843159656773129,-0.43136806864537425
725,0.26555349771076486,0.05950782980661706,-1.8809843403867659
726,-0.5715021455335735,-0.002891450237360385,-0.00578290047472077
727,1.0900415979545448,0.7535704885510877,-0.49285902289782474
728,2.7755749194940282,1.1531280838970952,0.3062561677941902
729,-1.687940003677554,-0.5445333216149676,-1.0890666432299352
730,-0.40085559488234496,-0.04527416313394933,-0.09054832626789866
731,0.16269094329124698,-0.013629609410500704,-0.027259218821001407
732,3.626408458685007,1.6135791003299191,1.227158200659838
733,0.2865430244460628,-0.25413339301733523,-0.5082667860346705
734,1.8106714970802753,0.43561750762275864,-1.1287649847544827
735,1.5593648874443369,2.035154170526093,2.0703083410521868
736,2.8406335174980755,1.144724327127575,0.2894486542551502
737,1.3667872450692298,0.6516552759822347,1.3033105519644694
738,0.34957354612278846,0.2428341715477378,0.4856683430954756
739,3.37243032248442,1.2123488333030554,0.424697666606111
740,2.9290611233286734,1.3967914693322716,0.7935829386645432
741,3.5277288012822545,1.0680145357358142,0.1360290714716283
742,1.731468432103247,1.3804310632835373,0.7608621265670743
743,-0.1040738629185165,0.0038993699682150496,-1.99220126006357
744,3.973039675839697,1.1779065999996068,0.35581319999921357
745,-0.3427542062844482,0.34678311801801176,-1.3064337639639765
746,2.6429620380272283,0.9934345799002756,-0.013130840199448768
747,5.765344987743058,1.585594991528399,1.1711899830567976
748,2.1683725154962095,1.5044892474575424,1.008978494915085
749,-0.3365792591636927,0.25955338753832413,0.5191067750766483
750,-0.12572197746799674,-0.956245903147315,-1.91249180629463
751,2.4485484205368993,1.1598538378660668,0.3197076757321333
752,3.1053842274553602,0.6452446779441381,-0.7095106441117238
753,1.914515086093374,1.3554135820119422,0.7108271640238844
754,1.0465441217954512,-0.3407502481868554,-2.681500496373711
755,0.009561306480112802,-0.16163087424107178,-0.32326174848214356
756,0.38981847186931945,0.2886402097366826,0.5772804194733652
757,1.5204527427728598,0.03950862182912363,0.07901724365824726
758,1.5963048777283597,1.155004914632277,0.3100098292645538
759,1.3631098167316233,0.3991705298336121,0.7983410596672242
760,2.7552940276532136,1.462567094601196,0.9251341892023919
761,2.48705141974882,1.8046079306841771,1.6092158613683545
762,-1.8235820438327819,-0.8714932777580708,-1.7429865555161417
763,1.0077755012846323,-0.5550873659608297,-1.1101747319216595
764,4.394217599349307,1.0330688937160701,0.0661377874321404
765,0.8373399747420264,-0.12384040598249277,-0.24768081196498554
766,1.5509648080994265,0.03006943627887293,-1.9398611274422541
767,-0.23588440809209352,-0.23587412180116715,-0.4717482436023343
768,3.150529620420161,1.1997634803464132,0.3995269606928262
769,1.28475258324992,0.4908944021818601,-1.0182111956362798
770,1.6839747764651354,1.4620569554803957,0.9241139109607914
771,-0.06263194144346657,0.3337288591024584,0.6674577182049168
772,2.0469124482374155,0.2112735278615402,-1.5774529442769196
773,2.171726582559026,1.479362796352123,0.9587255927042461
774,-0.5383184996171373,0.3806376964248945,0.761275392849789
775,-0.18259096300173366,0.11586610885564778,0.23173221771129557
776,1.0202638086989588,0.1413303920616141,0.2826607841232282
777,2.3317407562266808,1.1053907778210657,0.2107815556421311
778,-2.3336397880047945,-0.8773882701053384,-1.7547765402106767
779,2.4346293628246767,1.3382405707306324,0.676481141461265
780,3.6945886849859053,1.3388634856915953,0.6777269713831906
781,2.2024276263700044,0.3764595023514611,-1.2470809952970778
782,0.5105838412384509,0.9488739145048689,-0.1022521709902622
783,2.690837443107657,-0.1731108034460251,-0.3462216068920502
784,0.17220084388984125,1.2993511815320542,0.5987023630641084
785,2.458285449061848,0.7908674601225034,-0.4182650797549933
786,0.2768811887036565,0.960550083677248,1.921100167354496
787,-0.5303790318889218,-0.5933443806810368,-1.1866887613620736
788,0.19908561601121288,0.9100167908571216,-0.17996641828575682
789,0.7288367112893788,1.6799800524351962,1.3599601048703922
790,0.24586203601819384,-0.4788794001726639,-0.9577588003453278
791,-1.1138901623851187,-0.6515463187374637,-1.3030926374749274
792,-0.6011559997256126,-0.18121895722234926,-2.3624379144446985
793,-0.6930480853530666,-0.16359564174515762,-0.32719128349031523
794,1.5917306788325583,1.3004682158939245,0.6009364317878491
795,0.2940940835689697,0.06776300015937048,0.13552600031874096
796,2.221318899385692,0.8162754740138326,-0.36744905197233485
797,0.9705068252236175,0.7035963582844431,-0.5928072834311138
798,-0.24366043503767326,-0.6969749997657262,-1.3939499995314524
799,-1.7162059997111625,-0.28851210261317806,-0.5770242052263561
800,0.6691141789957484,0.3543163424310942,0.7086326848621884
801,3.064611583323952,0.9949129078802726,-0.010174184239454674
802,0.9509962658002132,0.9093535006148584,-0.1812929987702831
803,0.3775930731599707,0.2238175494353786,0.4476350988707572
804,1.4743851354320732,0.7410541291385058,-0.5178917417229886
805,2.8371452951630856,1.0867980099974863,0.17359601999497265
806,-1.8574332482653029,-0.5114791680779451,-1.0229583361558903
807,-0.9822688582111686,-0.13291636911410368,-0.26583273822820735
808,0.6520679769565859,0.17779790878849616,0.3555958175769923
809,-0.43504467074482955,0.5554117585214433,1.1108235170428866
810,-1.137275005430685,-0.6529580328066155,-1.305916065613231
811,0.3441940159804633,1.1744267241786535,0.3488534483573067
812,2.902702980325235,1.2095817378967564,0.4191634757935127
813,1.039842899075986,1.2246079148829323,0.4492158297658645
814,3.235294596859166,1.3825645303031733,0.7651290606063466
815,-1.5097413394496861,-0.449088970300882,-0.898177940601764
816,2.207752532590706,0.8942974157448634,-0.2114051685102731
817,3.2648881251797537,0.35853702801570186,-1.2829259439685963
818,1.970086968106339,0.4533459480666291,-1.0933081038667418
819,1.4140018022410235,0.7908668220833686,-0.418266355833263
820,3.08088033980288,1.1898298927449966,0.379659785489993
821,-1.417377055907489,0.013413473134301857,-1.9731730537313963
822,-1.5711091162623363,-0.49985037545821354,-0.9997007509164271
823,1.6631868194709283,0.3005822514628729,-1.3988354970742543
824,2.6457666784115235,1.2517528793268644,0.503505758653729
825,3.2990782306217303,0.5912999569274866,-0.8174000861450267
826,-2.1505000452247818,0.0038555960825322616,0.007711192165064523
827,1.9800903438188482,0.6386972778583825,-0.722605444283235
828,1.906758170121848,1.3744715963856433,0.7489431927712864
829,3.8778408923676286,1.2409425265871383,0.48188505317427677
830,1.5197326744192299,0.8032015808721723,-0.3935968382556554
831,-0.7420211798513315,-0.052014685947470746,-0.10402937189494149
832,2.2106633774514766,1.0161317196484974,0.03226343929699452
833,2.424632319338464,0.24550132827971594,-1.5089973434405681
834,1.3913002602622833,0.4166863709107592,-1.1666272581784816
835,3.5675180361687437,0.8976047627658198,-0.20479047446836035
836,-0.6964537941833314,-0.7404586124991853,-1.4809172249983706
837,0.7451036159460365,-0.020505692227277012,-0.041011384454554024
838,0.7109325801485785,-0.12261133859994885,-0.2452226771998977
839,-3.098303581855774,-0.9100372158083352,-1.8200744316166704
840,0.4017430114078595,1.2457951359617172,0.49159027192343463
841,1.0485363664312348,0.6127070650461108,-0.7745858699077784
842,0.5256979679659088,0.5655389401177883,-0.8689221197644235
843,-1.7391375005948124,0.05726127492684244,0.11452254985368487
844,-0.4513758152940198,0.23635358999591383,0.47270717999182765
845,1.9759044807367394,0.41181462854858203,0.8236292570971641
846,0.9628620367295571,0.26545735917290514,0.5309147183458103
847,-0.9941543142722008,-7.122675901827247e-05,-0.00014245351803654493
848,2.9646230739633674,0.6887658079263008,-0.6224683841473982
849,3.24387972349812,1.6753585187000626,1.3507170374001252
850,-1.2599026902858137,-0.3661846005524015,-0.732369201104803
851,1.9132028660552234,0.6127316570999133,-0.7745366858001735
852,2.595764727082855,0.9338141358506792,-0.13237172829864155
853,-1.412544115505578,-0.4545163370874417,-0.9090326741748834
854,3.615895734607655,1.5316604064628696,1.0633208129257394
855,2.3873557807794112,1.4372365850592637,0.8744731701185273
856,1.3220908616839,0.336295549812967,0.672591099625934
857,2.666474832128306,1.1378998194138978,2.2757996388277957
858,-0.384694224328587,-0.06211129761310734,-0.12422259522621468
859,1.0610393637479558,0.285890856171205,0.57178171234241
860,2.1403194587149534,0.9633321934952314,-0.07333561300953731
861,-0.3109838262255069,-0.15359192059477056,-0.3071838411895411
862,2.043359375997148,1.2260001361366193,0.45200027227323875
863,1.8066941020374412,0.6274384522255217,-0.7451230955489565
864,2.4232531027636073,0.34423612598175457,-1.3115277480364909
865,0.11028278580585876,-0.31616249686792713,-0.6323249937358543
866,2.4370881260928923,1.3650281603085501,0.7300563206171
867,-0.9150880758644754,-0.14027576983795595,-0.2805515396759119
868,1.8688498161471445,0.39104770338815564,-1.2179045932236887
869,0.7654695010437955,0.8388409447849948,-0.3223181104300104
870,2.593218502899864,0.8598031276013323,-0.2803937447973356
871,1.0652919442093298,1.3403311257406858,0.6806622514813718
872,2.046604337909425,0.8235559553749576,1.6471119107499153
873,2.1848490761767976,0.9916163410682088,-0.016767317863582265
874,2.5761073088188566,1.308740731831782,0.6174814636635643
875,-0.3752762992559717,-0.4724281344875779,-0.9448562689751558
876,0.7944545560250937,0.06981829048905823,0.13963658097811646
877,0.06788086597998508,-0.18068660267797815,-0.3613732053559563
878,1.6053984679127544,0.48023882092267756,-1.0395223581546449
879,1.7761397277125779,0.2667362272510596,-1.4665275454978808
880,0.4528996907939532,-0.635964946076054,-1.271929892152108
881,1.1018400885306283,0.37142299566542347,-1.257154008669153
882,2.339063486129822,1.0166254632982752,0.03325092659655057
883,-0.2976336397753739,-0.6786935871401699,-1.3573871742803398
884,2.87458775337704,0.7754155116081745,-0.4491689767836511
885,-0.8149464938737254,-0.3395271848808815,-0.679054369761763
886,0.029366197233002156,0.8603714508495235,-0.279257098300953
887,-0.09626743131489657,0.7673226166536563,-0.4653547666926874
888,1.4162164583956907,1.3999815754395055,0.7999631508790112
889,0.6095765555526551,0.1302209138429197,0.2604418276858394
890,1.2093531131740116,1.087203529475775,0.1744070589515498
891,1.2217184302520367,0.06111172799292531,0.12222345598585062
892,0.8678621294253828,1.2741719322575062,0.5483438645150127
893,-0.5490964807358005,-0.47947261854622725,-0.9589452370924545
894,0.8782615820008337,0.09248683099786706,0.18497366199573412
895,0.7889537847742165,0.4225168854954888,0.8450337709909777
896,-0.6337200911668612,-0.3092546150957067,-0.6185092301914134
897,-0.7300007815135223,0.3664711327957253,0.7329422655914506
898,2.093885600685488,0.8839156002034152,-0.2321687995931697
899,2.3692330906808063,0.020986703166418978,0.041973406332837956
900,2.4372976030253892,1.4218726394649748,0.8437452789299494
901,0.7790295840651522,-0.22789150092730612,-0.45578300185461224
902,2.9741677949460046,2.047328744134904,2.0946574882698084
903,1.6945817257749272,1.5346069129513322,1.0692138259026644
904,0.5132483942287169,0.03399487458966782,0.06798974917933565
905,-0.20859800155637245,0.12030170486112249,0.24060340972224498
906,-1.2929927877790557,-0.5169169595362029,-1.0338339190724057
907,1.7062612280013927,0.7369186497479439,-0.5261627005041122
908,0.23544595392038437,-0.10595863061743817,-0.21191726123487634
909,1.639089235337754,0.7147012076301738,-0.5705975847396524
910,0.2783106264661491,0.0827264605457908,0.1654529210915816
911,4.51415087966031,1.1290441719418531,0.2580883438837065
912,1.7104868826196848,1.4037102490611777,0.8074204981223552
913,1.574469126289439,0.6357798708706235,-0.728440258258753
914,-0.7506297738883736,-0.32255651468803764,-0.6451130293760753
915,-0.12573169712881696,0.07267047744141783,0.14534095488283566
916,0.5462068915506864,0.3676630252379235,0.735326050475847
917,1.6474668624058006,1.1754193285797143,0.3508386571594284
918,-0.03176659673753607,0.16597343623253255,0.3319468724650651
919,-0.6614474505309741,0.6155620909350458,1.2311241818700915
920,0.3015363762746789,-0.18958198939565074,-2.3791639787913015
921,1.67566591214591,0.4504174950393367,-1.0991650099213266
922,1.7236048667990855,0.6914706886307089,1.3829413772614179
923,1.2314286612737808,1.4370222319003845,0.8740444638007691
924,-1.2096616720120628,-0.8543839308220149,-1.7087678616440298
925,0.12295199735895324,1.1642253337956372,0.3284506675912742
926,2.4395694699411843,1.6415784754705192,1.2831569509410383
927,2.2098812053033687,1.4997205829825806,0.9994411659651613
928,1.8920938184096894,1.240331037969021,0.4806620759380421
929,4.328758721085888,1.414770314601464,0.8295406292029281
930,3.2817562115705377,1.0562686053758772,0.11253721075175421
931,0.7446012386834389,0.9122262626655375,-0.175547474668925
932,0.40585911819506043,0.2896896032832933,0.5793792065665866
933,0.2598060845097282,0.574234042156689,1.148468084313378
934,2.0554111277838407,0.6105181887246762,-0.7789636225506475
935,2.745331205409778,0.6584048699446075,-0.6831902601107852
936,2.499647663640336,0.6002976308954094,-0.7994047382091811
937,2.477026374631547,0.3131577088819474,0.6263154177638948
938,-0.7051116971142684,-0.4003368590950486,-0.8006737181900972
939,-0.5094190819185738,0.06338166280870111,0.12676332561740222
940,-0.8443580824790543,-0.5383772258778061,-1.0767544517556122
941,2.6553028209980267,0.8815679008909835,-0.23686419821803306
942,0.24267337290533558,-0.308063311945245,-0.61612662389049
943,1.9048202241299037,0.29390795445229845,-1.412184091095403
944,1.9640293833620432,1.097579967439372,0.19515993487874395
945,0.6403910230141368,1.1318736701993282,0.26374734039865655
946,1.4831955628631006,0.2139491387405284,0.4278982774810568
947,-0.47845537305093755,0.2866287861770517,0.5732575723541034
948,2.0133261469217807,0.9973826029015973,-0.005234794196805281
949,3.143204340596542,0.9512233784296295,-0.09755324314074101
950,-1.5349834964615023,0.6972899458650568,1.3945798917301135
951,1.9086524370745341,0.309926889145521,-1.380146221708958
952,2.3068996771147368,0.7340663524524506,-0.5318672950950989
953,-0.45770688376570334,0.4773044005663587,0.9546088011327174
954,-1.4919924543250547,0.15040009869288626,0.3008001973857725
955,0.7936146718946056,0.344608143475925,0.68921628695185
956,-0.3220552192339156,-0.3489475651873643,-0.6978951303747286
957,0.1937904652563046,-0.44851708976544313,-0.8970341795308863
958,-0.13429308834265832,-0.2666170964066648,-0.5332341928133296
959,-1.419211928707584,0.2700201704891982,0.5400403409783964
960,0.8311157934954498,0.9276062760371657,-0.14478744792566847
961,3.353280028494371,1.1196705427363813,0.23934108547276267
962,-0.5200953192475168,0.35450048407212986,-1.2909990318557403
963,1.8721211596840424,0.6215717997112925,-0.756856400577415
964,-0.4639618379894154,0.10894350299890049,0.21788700599780098
965,1.574469497214765,0.0763950201561174,0.1527900403122348
966,0.3797584433837274,0.34260292562511047,0.6852058512502209
967,0.4507882898967638,0.282771427713292,0.565542855426584
968,-0.43426848122599837,0.43491630426106753,0.8698326085221351
969,1.0426337171574596,-0.05418586825276901,-0.10837173650553802
970,-0.6520014023472112,-0.15895601444792762,-0.31791202889585524
971,-0.5529205601535261,0.4089004303873986,0.8178008607747972
972,2.2356210556307343,0.8277613537139511,-0.3444772925720978
973,0.7705280438633851,0.7338999487059877,1.4677998974119755
974,-0.69573603449791,0.37983980409136375,0.7596796081827275
975,2.982141151664946,1.5436770862612905,1.087354172522581
976,0.4505541134519555,0.8484160535939541,-0.3031678928120917
977,1.5153241349806765,1.1382075906375206,0.2764151812750414
978,0.7371803512114536,0.3389689458475619,0.6779378916951238
979,0.06689002045534087,1.3509255121959103,0.7018510243918205
980,-0.865994158536132,-0.14875067980566722,-0.29750135961133445
981,-0.8637294917856035,0.5225938516562443,1.0451877033124886
982,2.2220095501802595,0.9982971985053092,-0.0034056029893815842
983,2.1897139784088058,1.0914051346980387,0.18281026939607747
984,3.1233863753263287,1.157434826234907,0.31486965246981385
985,1.1256227420929898,0.8332466979465297,-0.3335066041069405
986,0.43651338226364755,-0.4848864594556429,-0.9697729189112858
987,0.6683698686258432,0.3660118124411589,0.7320236248823178
988,0.31232982003327187,0.6345960892191445,1.269192178438289
989,1.559984389936475,1.5226318112211779,1.0452636224423557
990,0.006008447401128797,-0.1232687961203987,-0.2465375922407974
991,1.02856877341514,-0.5544180921325212,-1.1088361842650425
992,3.244828505274718,1.9473815456550665,1.8947630913101328
993,0.9094803806658891,0.8975252518782916,-0.20494949624341677
994,1.644585660768609,0.7756104446014221,-0.44877911079715566
995,1.5887865594233277,0.602828458562948,-0.7943430828741039
996,0.2606515625945638,-0.1975275356130563,-0.3950550712261126
997,3.457169266083372,1.455410922886342,0.9108218457726843
998,2.3499670410488362,1.2319461360319688,0.46389227206393746
999,1.5314777938395756,0.18456436805699916,-1.6308712638860017
